<?xml version="1.0" encoding="UTF-8" standalone="yes"?>
<addon id="repository.cheapsleep" name="CheapRepository" version="1.0.0" provider-name="cheapsleep">
    <extension point="xbmc.addon.repository" name="CheapRepository">
        <dir>
            <info compressed="false">https://cheapsleep.github.io/addons.xml</info>
            <checksum>https://cheapsleep.github.io/addons.xml.md5</checksum>
            <datadir zip="true">https://cheapsleep.github.io/zips/</datadir>
        </dir>
    </extension>
    <extension point="xbmc.addon.metadata">
        <summary>CheapRepository</summary>
        <description>A collection of my custom add-ons</description>
        <platform>all</platform>
    </extension>
</addon>
